{"cameraMode":{"drawMode":0,"name":"Shaded","section":"Shading Mode"},"sceneLighting":false,"audioPlay":false,"sceneViewState":{"showFog":true,"showMaterialUpdate":false,"showSkybox":false,"showFlares":true,"showImageEffects":true,"showParticleSystems":true},"in2DMode":false,"pivot":{"x":-2.4177091121673586,"y":0.18147242069244386,"z":1.0833675861358643},"rotation":{"x":0.08155006170272827,"y":-0.7863380312919617,"z":0.10632330179214478,"w":0.6031233668327332},"size":2.985323190689087,"orthographic":false}